{"cameraMode":{"drawMode":0,"name":"Shaded","section":"Shading Mode"},"sceneLighting":true,"audioPlay":false,"sceneViewState":{"m_AlwaysRefresh":false,"showFog":true,"showSkybox":true,"showFlares":true,"showImageEffects":true,"showParticleSystems":true,"showVisualEffectGraphs":true,"m_FxEnabled":true},"in2DMode":false,"pivot":{"x":-42.38180160522461,"y":0.5936885476112366,"z":12.093070030212403},"rotation":{"x":-0.045260895043611529,"y":0.5554205179214478,"z":-0.029933247715234758,"w":-0.8294219374656677},"size":26.627981185913087,"orthographic":false}